rank,team,rating,average_rank,average_rating,one_year_change_rank,one_year_change_rating,matches_total,matches_home,matches_away,matches_neutral,wins,losses,draws,goals_for,goals_against,source_name,source_date
1,Spain,2129,7,1946,0,-28,783,341,302,140,462,138,183,1595,699,World Football Elo Ratings PDF,2026-06-21
2,Argentina,2128,5,1987,0,-4,1112,381,419,312,613,228,271,2120,1136,World Football Elo Ratings PDF,2026-06-21
3,France,2084,16,1795,0,29,941,475,341,125,476,270,195,1713,1276,World Football Elo Ratings PDF,2026-06-21
4,England,2055,4,1983,2,71,1163,509,524,130,686,215,262,2727,1120,World Football Elo Ratings PDF,2026-06-21
5,Colombia,1998,48,1621,3,48,651,185,229,237,268,205,178,850,743,World Football Elo Ratings PDF,2026-06-21
6,Brazil,1986,4,1998,-1,-15,1069,373,346,350,673,172,224,2306,958,World Football Elo Ratings PDF,2026-06-21
7,Netherlands,1972,15,1848,0,-3,905,430,358,117,467,240,198,1901,1147,World Football Elo Ratings PDF,2026-06-21
8,Portugal,1967,19,1797,-4,-63,697,322,262,113,348,189,160,1227,782,World Football Elo Ratings PDF,2026-06-21
9,Germany,1954,8,1911,1,41,1049,470,416,163,608,224,217,2367,1235,World Football Elo Ratings PDF,2026-06-21
10,Norway,1929,38,1623,4,63,889,426,409,54,336,355,198,1381,1446,World Football Elo Ratings PDF,2026-06-21
11,Japan,1910,61,1467,5,53,837,332,207,298,409,257,171,1520,987,World Football Elo Ratings PDF,2026-06-21
12,Mexico,1896,20,1783,12,75,1031,299,273,459,537,257,237,1832,1054,World Football Elo Ratings PDF,2026-06-21
13,Ecuador,1890,64,1526,-2,-15,601,183,211,207,185,255,161,724,905,World Football Elo Ratings PDF,2026-06-21
14,Switzerland,1885,27,1689,4,40,898,426,391,81,320,373,205,1343,1486,World Football Elo Ratings PDF,2026-06-21
15,Croatia,1881,12,1881,-6,-46,401,158,167,76,210,85,106,698,408,World Football Elo Ratings PDF,2026-06-21
16,Belgium,1879,24,1755,1,32,879,416,376,87,392,302,185,1607,1360,World Football Elo Ratings PDF,2026-06-21
17,Uruguay,1870,12,1877,-5,-31,1020,336,432,252,446,321,253,1611,1255,World Football Elo Ratings PDF,2026-06-21
18,Denmark,1869,20,1799,-3,4,905,414,396,95,420,298,187,1652,1221,World Football Elo Ratings PDF,2026-06-21
18,Italy,1869,8,1915,-5,-13,903,407,325,171,481,177,245,1581,894,World Football Elo Ratings PDF,2026-06-21
20,Morocco,1866,43,1657,5,54,732,319,219,194,366,165,201,1110,616,World Football Elo Ratings PDF,2026-06-21
21,Austria,1857,20,1810,-3,12,867,432,383,52,372,310,185,1564,1322,World Football Elo Ratings PDF,2026-06-21
22,Senegal,1839,56,1591,8,54,707,221,260,226,319,194,194,970,675,World Football Elo Ratings PDF,2026-06-21
23,United States,1820,41,1642,18,105,829,491,253,85,369,287,173,1256,1078,World Football Elo Ratings PDF,2026-06-21
24,Paraguay,1816,23,1755,-1,-9,791,215,366,210,278,304,209,1008,1119,World Football Elo Ratings PDF,2026-06-21
25,Turkey,1813,43,1610,-3,-23,672,290,300,82,264,252,156,950,973,World Football Elo Ratings PDF,2026-06-21
26,Australia,1799,35,1671,5,24,640,272,224,144,327,182,131,1293,723,World Football Elo Ratings PDF,2026-06-21
27,Ukraine,1780,31,1745,0,-19,340,134,146,60,154,91,95,478,358,World Football Elo Ratings PDF,2026-06-21
28,Canada,1777,49,1599,-1,-22,492,156,200,136,191,185,116,636,625,World Football Elo Ratings PDF,2026-06-21
29,Russia,1772,24,1742,0,-21,815,313,383,119,432,174,209,1482,779,World Football Elo Ratings PDF,2026-06-21
30,South Korea,1771,35,1687,2,1,1054,353,256,445,574,222,258,1915,966,World Football Elo Ratings PDF,2026-06-21
31,Scotland,1768,14,1879,9,51,871,403,413,55,414,269,188,1504,1077,World Football Elo Ratings PDF,2026-06-21
32,Nigeria,1767,38,1669,35,191,717,241,264,212,332,180,205,1081,725,World Football Elo Ratings PDF,2026-06-21
33,Algeria,1759,48,1621,11,55,691,261,234,196,311,197,183,1057,706,World Football Elo Ratings PDF,2026-06-21
34,Iran,1756,40,1658,-8,-45,671,223,195,253,384,132,155,1277,527,World Football Elo Ratings PDF,2026-06-21
35,Greece,1744,49,1559,-15,-94,658,299,296,63,251,250,157,835,909,World Football Elo Ratings PDF,2026-06-21
36,Serbia,1734,20,1787,-15,-103,863,302,425,136,404,267,192,1623,1182,World Football Elo Ratings PDF,2026-06-21
37,Venezuela,1733,84,1433,0,-12,483,179,179,125,130,246,107,524,874,World Football Elo Ratings PDF,2026-06-21
38,Ivory Coast,1728,45,1640,27,141,695,241,238,216,350,167,178,1134,698,World Football Elo Ratings PDF,2026-06-21
39,Sweden,1727,17,1795,-6,-33,1122,490,500,132,550,337,235,2235,1493,World Football Elo Ratings PDF,2026-06-21
40,Chile,1717,28,1678,6,28,854,328,308,218,319,347,188,1197,1219,World Football Elo Ratings PDF,2026-06-21
41,Kosovo,1715,102,1420,18,106,109,49,40,20,43,43,23,156,147,World Football Elo Ratings PDF,2026-06-21
42,Egypt,1711,37,1662,8,45,886,354,281,251,447,217,222,1547,924,World Football Elo Ratings PDF,2026-06-21
43,Hungary,1710,20,1835,2,9,1035,469,492,74,489,324,222,2074,1527,World Football Elo Ratings PDF,2026-06-21
43,Poland,1710,30,1712,4,28,921,397,410,114,400,296,225,1564,1243,World Football Elo Ratings PDF,2026-06-21
45,Ireland,1699,24,1626,9,66,743,378,305,60,262,287,194,979,1161,World Football Elo Ratings PDF,2026-06-21
45,Peru,1699,34,1679,-7,-44,710,266,253,191,229,305,176,860,991,World Football Elo Ratings PDF,2026-06-21
47,Uzbekistan,1698,59,1597,-4,-9,368,130,129,109,180,113,75,637,405,World Football Elo Ratings PDF,2026-06-21
48,Czechia,1696,13,1854,-12,-53,886,361,416,109,426,262,198,1631,1102,World Football Elo Ratings PDF,2026-06-21
49,Panama,1683,99,1362,-14,-67,595,201,228,166,197,253,145,743,916,World Football Elo Ratings PDF,2026-06-21
50,Slovenia,1682,54,1625,-16,-70,321,145,146,30,116,118,87,401,381,World Football Elo Ratings PDF,2026-06-21
50,Wales,1682,22,1671,-11,-44,735,346,357,32,236,332,167,919,1176,World Football Elo Ratings PDF,2026-06-21
52,DR Congo,1674,62,1557,14,91,550,166,225,159,226,172,152,837,644,World Football Elo Ratings PDF,2026-06-21
53,Slovakia,1667,40,1682,-2,2,368,158,166,44,150,131,87,521,460,World Football Elo Ratings PDF,2026-06-21
54,Georgia,1654,70,1553,-12,-57,321,141,148,32,107,146,68,415,444,World Football Elo Ratings PDF,2026-06-21
55,Jordan,1653,111,1324,2,29,586,201,193,192,207,221,158,731,720,World Football Elo Ratings PDF,2026-06-21
56,Israel,1647,49,1621,-1,18,524,249,213,62,197,207,120,804,764,World Football Elo Ratings PDF,2026-06-21
57,Romania,1639,29,1717,-9,-42,802,333,377,92,355,247,200,1306,1020,World Football Elo Ratings PDF,2026-06-21
58,Bolivia,1621,60,1510,-6,-43,538,189,205,144,122,295,121,551,1060,World Football Elo Ratings PDF,2026-06-21
59,Albania,1616,72,1504,-3,-11,410,192,185,33,116,209,85,396,604,World Football Elo Ratings PDF,2026-06-21
60,Cameroon,1614,53,1604,4,21,661,184,247,230,287,172,202,952,712,World Football Elo Ratings PDF,2026-06-21
61,Costa Rica,1608,36,1689,-12,-65,791,259,282,250,356,244,191,1369,922,World Football Elo Ratings PDF,2026-06-21
62,Cape Verde,1606,120,1302,15,88,254,80,91,83,96,97,61,273,278,World Football Elo Ratings PDF,2026-06-21
62,Northern Ireland,1606,40,1655,7,44,612,276,298,38,172,290,150,645,928,World Football Elo Ratings PDF,2026-06-21
64,Saudi Arabia,1598,76,1499,-1,1,840,324,151,365,396,247,197,1284,897,World Football Elo Ratings PDF,2026-06-21
65,Bosnia and Herzegovina,1596,53,1626,10,73,283,118,137,28,104,112,67,396,391,World Football Elo Ratings PDF,2026-06-21
66,Iraq,1592,47,1622,5,42,763,139,232,392,360,191,212,1205,714,World Football Elo Ratings PDF,2026-06-21
67,North Macedonia,1589,74,1534,-14,-45,305,141,134,30,95,131,79,364,411,World Football Elo Ratings PDF,2026-06-21
68,Mali,1588,70,1523,-6,-13,625,195,234,196,249,206,170,824,718,World Football Elo Ratings PDF,2026-06-21
69,Tunisia,1585,47,1616,-11,-28,778,337,253,188,330,232,216,1106,850,World Football Elo Ratings PDF,2026-06-21
70,New Zealand,1578,66,1500,-9,-24,442,135,189,118,181,181,80,769,652,World Football Elo Ratings PDF,2026-06-21
71,Honduras,1570,63,1500,2,22,668,212,217,239,263,232,173,964,859,World Football Elo Ratings PDF,2026-06-21
72,Iceland,1568,81,1425,-1,18,527,216,251,60,160,263,104,635,885,World Football Elo Ratings PDF,2026-06-21
73,Ghana,1557,42,1650,12,80,780,247,298,235,371,213,196,1249,823,World Football Elo Ratings PDF,2026-06-21
74,Angola,1542,86,1456,-14,-65,475,166,184,125,176,140,159,579,490,World Football Elo Ratings PDF,2026-06-21
75,United Arab Emirates,1540,98,1395,-1,3,674,287,141,246,263,238,173,933,831,World Football Elo Ratings PDF,2026-06-21
76,Finland,1536,62,1500,-6,-20,825,337,430,58,217,441,167,972,1699,World Football Elo Ratings PDF,2026-06-21
77,Burkina Faso,1529,98,1402,3,27,493,154,188,151,170,192,131,614,677,World Football Elo Ratings PDF,2026-06-21
78,Haiti,1528,81,1418,8,55,565,181,196,188,247,200,118,962,765,World Football Elo Ratings PDF,2026-06-21
79,Jamaica,1527,83,1413,-11,-42,719,272,268,179,280,272,167,961,942,World Football Elo Ratings PDF,2026-06-21
79,South Africa,1527,32,1707,-4,4,528,276,162,90,231,142,155,721,546,World Football Elo Ratings PDF,2026-06-21
81,Belarus,1522,80,1505,2,30,308,105,158,45,91,137,80,348,445,World Football Elo Ratings PDF,2026-06-21
82,Guatemala,1504,68,1486,-2,2,628,205,180,243,225,237,166,878,858,World Football Elo Ratings PDF,2026-06-21
83,Oman,1479,127,1211,-1,-22,594,230,145,219,223,219,152,757,784,World Football Elo Ratings PDF,2026-06-21
83,Syria,1479,86,1428,10,36,598,125,224,249,223,227,148,859,760,World Football Elo Ratings PDF,2026-06-21
85,Palestine,1465,121,1255,2,5,292,19,113,160,84,128,80,370,446,World Football Elo Ratings PDF,2026-06-21
86,Guinea,1463,72,1516,5,12,646,172,263,211,251,211,184,953,804,World Football Elo Ratings PDF,2026-06-21
87,Montenegro,1461,60,1596,-8,-53,174,91,78,5,58,73,43,205,239,World Football Elo Ratings PDF,2026-06-21
88,Bulgaria,1458,41,1633,2,6,781,299,400,82,286,300,195,1094,1152,World Football Elo Ratings PDF,2026-06-21
89,Luxembourg,1450,108,1256,0,-5,475,258,201,16,55,358,62,309,1225,World Football Elo Ratings PDF,2026-06-21
90,Northern Cyprus,1442,87,1450,4,0,16,5,3,8,8,6,2,28,22,World Football Elo Ratings PDF,2026-06-21
91,Qatar,1437,93,1416,-13,-80,701,328,148,225,289,234,178,994,833,World Football Elo Ratings PDF,2026-06-21
92,Suriname,1431,84,1404,12,37,542,230,222,90,238,175,129,984,739,World Football Elo Ratings PDF,2026-06-21
93,Kazakhstan,1428,100,1420,7,26,272,103,123,46,70,143,59,285,454,World Football Elo Ratings PDF,2026-06-21
94,Curaçao,1427,97,1381,12,38,501,174,177,150,202,175,124,885,778,World Football Elo Ratings PDF,2026-06-21
95,China,1424,50,1577,4,21,764,272,265,227,369,231,164,1422,862,World Football Elo Ratings PDF,2026-06-21
95,Kurdistan,1424,100,1424,2,0,4,2,0,2,3,0,1,12,3,World Football Elo Ratings PDF,2026-06-21
97,Libya,1420,82,1469,13,35,458,164,166,128,165,185,108,620,611,World Football Elo Ratings PDF,2026-06-21
98,Gambia,1419,118,1309,11,33,299,108,100,91,81,136,82,319,433,World Football Elo Ratings PDF,2026-06-21
99,Bahrain,1414,109,1349,-7,-35,637,218,159,260,223,248,166,780,826,World Football Elo Ratings PDF,2026-06-21
100,Benin,1405,109,1356,-2,-2,354,129,142,83,87,182,85,366,623,World Football Elo Ratings PDF,2026-06-21
101,Gabon,1401,95,1413,-14,-59,462,184,154,124,159,174,129,551,567,World Football Elo Ratings PDF,2026-06-21
102,Uganda,1394,75,1482,10,13,736,251,257,228,304,238,194,1108,887,World Football Elo Ratings PDF,2026-06-21
103,Faroe Islands,1386,122,1252,44,111,283,119,141,23,51,195,37,213,641,World Football Elo Ratings PDF,2026-06-21
103,Trinidad and Tobago,1386,61,1505,1,-8,872,344,365,163,375,304,193,1446,1130,World Football Elo Ratings PDF,2026-06-21
105,Niger,1382,133,1239,20,45,292,100,117,75,65,158,69,287,517,World Football Elo Ratings PDF,2026-06-21
106,Equatorial Guinea,1380,151,1159,-22,-100,196,80,64,52,56,96,44,182,288,World Football Elo Ratings PDF,2026-06-21
106,Madagascar,1380,104,1366,37,96,357,120,121,116,136,143,78,494,536,World Football Elo Ratings PDF,2026-06-21
108,Togo,1379,89,1439,9,8,495,179,198,118,158,210,127,539,675,World Football Elo Ratings PDF,2026-06-21
109,Thailand,1376,112,1318,14,25,935,389,200,346,366,358,211,1487,1408,World Football Elo Ratings PDF,2026-06-21
110,North Korea,1375,63,1566,5,0,417,50,149,218,175,127,115,641,447,World Football Elo Ratings PDF,2026-06-21
111,Comoros,1374,186,941,-15,-52,159,29,35,95,41,81,37,145,246,World Football Elo Ratings PDF,2026-06-21
112,Armenia,1373,102,1418,-4,-14,283,115,132,36,66,158,59,283,539,World Football Elo Ratings PDF,2026-06-21
113,Indonesia,1372,101,1361,7,15,784,252,192,340,299,332,153,1317,1269,World Football Elo Ratings PDF,2026-06-21
113,Zimbabwe,1372,78,1462,-12,-26,552,190,223,139,207,184,161,738,663,World Football Elo Ratings PDF,2026-06-21
115,Zambia,1371,60,1551,-4,-13,879,282,360,237,393,261,225,1389,954,World Football Elo Ratings PDF,2026-06-21
116,Kenya,1363,90,1379,-2,-13,781,291,283,207,294,293,194,1078,1062,World Football Elo Ratings PDF,2026-06-21
117,Estonia,1360,94,1353,1,-6,541,231,255,55,134,287,120,533,962,World Football Elo Ratings PDF,2026-06-21
118,Vietnam,1351,120,1298,13,30,525,174,131,220,222,200,103,922,771,World Football Elo Ratings PDF,2026-06-21
119,Sudan,1350,90,1444,-17,-46,553,154,204,195,187,225,141,628,730,World Football Elo Ratings PDF,2026-06-21
120,Reunion,1345,125,1184,4,0,139,53,38,48,55,55,29,237,252,World Football Elo Ratings PDF,2026-06-21
121,El Salvador,1342,72,1471,-15,-47,687,210,209,268,227,306,154,863,1023,World Football Elo Ratings PDF,2026-06-21
121,Mozambique,1342,116,1332,-26,-90,444,166,177,101,139,194,111,466,585,World Football Elo Ratings PDF,2026-06-21
123,Sierra Leone,1341,104,1368,6,16,337,116,141,80,98,150,89,331,474,World Football Elo Ratings PDF,2026-06-21
124,Guadeloupe,1338,91,1408,-3,-15,293,92,89,112,128,114,51,507,410,World Football Elo Ratings PDF,2026-06-21
125,Rwanda,1337,144,1207,6,16,290,107,100,83,90,126,74,298,364,World Football Elo Ratings PDF,2026-06-21
126,Nicaragua,1333,146,1031,3,8,253,63,100,90,54,167,32,258,621,World Football Elo Ratings PDF,2026-06-21
127,Kuwait,1332,83,1468,13,42,762,269,176,317,321,248,193,1198,880,World Football Elo Ratings PDF,2026-06-21
128,Mauritania,1329,155,1116,-2,-4,300,91,103,106,56,173,71,217,527,World Football Elo Ratings PDF,2026-06-21
129,Azerbaijan,1322,107,1397,-10,-43,324,116,152,56,67,176,81,265,545,World Football Elo Ratings PDF,2026-06-21
130,Zanzibar,1320,145,1119,3,0,217,37,45,135,39,131,47,186,458,World Football Elo Ratings PDF,2026-06-21
131,Cyprus,1314,102,1377,5,15,429,237,186,6,84,271,74,387,932,World Football Elo Ratings PDF,2026-06-21
132,Tanzania,1313,117,1295,-30,-83,658,244,237,177,193,280,185,752,963,World Football Elo Ratings PDF,2026-06-21
133,Martinique,1312,79,1458,-17,-61,371,136,125,110,167,116,88,676,488,World Football Elo Ratings PDF,2026-06-21
134,Liberia,1304,112,1342,15,41,342,146,144,52,91,175,76,318,521,World Football Elo Ratings PDF,2026-06-21
135,Namibia,1303,136,1272,-22,-77,304,102,121,81,77,135,92,295,424,World Football Elo Ratings PDF,2026-06-21
136,Kyrgyzstan,1295,155,1203,-9,-37,192,49,74,69,55,105,32,208,337,World Football Elo Ratings PDF,2026-06-21
137,Malaysia,1293,122,1290,2,2,925,390,240,295,362,352,211,1512,1339,World Football Elo Ratings PDF,2026-06-21
138,Guyana,1292,104,1294,11,29,455,179,193,83,142,223,90,588,788,World Football Elo Ratings PDF,2026-06-21
139,Latvia,1288,87,1399,-4,-13,459,193,213,53,128,220,111,536,754,World Football Elo Ratings PDF,2026-06-21
139,Lebanon,1288,108,1333,-11,-39,421,140,144,137,123,186,112,507,621,World Football Elo Ratings PDF,2026-06-21
141,Ethiopia,1287,99,1394,4,8,474,216,163,95,171,199,104,657,691,World Football Elo Ratings PDF,2026-06-21
142,New Caledonia,1286,103,1357,0,1,285,87,71,127,141,110,34,739,419,World Football Elo Ratings PDF,2026-06-21
143,Burundi,1285,125,1285,-5,-7,241,52,89,100,74,112,55,274,334,World Football Elo Ratings PDF,2026-06-21
143,Tajikistan,1285,123,1334,-2,-3,212,57,84,71,80,86,46,305,297,World Football Elo Ratings PDF,2026-06-21
145,Dominican Republic,1283,167,1060,-1,2,190,86,64,40,69,89,32,301,307,World Football Elo Ratings PDF,2026-06-21
146,Lithuania,1279,92,1318,-9,-15,418,170,207,41,106,230,82,415,759,World Football Elo Ratings PDF,2026-06-21
147,Moldova,1270,109,1390,-13,-49,302,115,146,41,60,172,70,247,523,World Football Elo Ratings PDF,2026-06-21
148,Botswana,1267,150,1167,-26,-85,368,166,136,66,98,166,104,311,490,World Football Elo Ratings PDF,2026-06-21
149,Malta,1255,118,1322,4,5,456,246,183,27,66,314,76,298,1020,World Football Elo Ratings PDF,2026-06-21
150,Guinea-Bissau,1248,126,1282,-2,-16,215,66,64,85,58,104,53,215,320,World Football Elo Ratings PDF,2026-06-21
151,Cuba,1239,84,1438,4,15,485,103,212,170,185,189,111,678,684,World Football Elo Ratings PDF,2026-06-21
151,Malawi,1239,115,1327,0,-17,700,306,245,149,232,265,203,817,902,World Football Elo Ratings PDF,2026-06-21
153,Central African Republic,1236,124,1295,-7,-42,164,32,67,65,36,94,34,181,326,World Football Elo Ratings PDF,2026-06-21
154,French Guiana,1223,125,1246,2,0,190,66,67,57,57,92,41,280,328,World Football Elo Ratings PDF,2026-06-21
155,Mayotte,1216,157,1202,4,0,41,2,11,28,13,17,11,55,59,World Football Elo Ratings PDF,2026-06-21
156,Turkmenistan,1209,117,1358,-4,-42,187,42,76,69,71,82,34,288,281,World Football Elo Ratings PDF,2026-06-21
157,Congo,1207,83,1470,-1,-16,474,180,188,106,173,186,115,679,662,World Football Elo Ratings PDF,2026-06-21
158,Eritrea,1201,164,1158,8,62,86,20,28,38,17,50,19,61,137,World Football Elo Ratings PDF,2026-06-21
159,Lesotho,1198,151,1179,-1,-24,354,113,147,94,70,180,104,280,580,World Football Elo Ratings PDF,2026-06-21
160,Yemen,1195,144,1212,12,74,295,56,87,152,66,173,56,304,573,World Football Elo Ratings PDF,2026-06-21
161,Philippines,1179,135,1069,8,46,397,110,127,160,99,238,60,432,1023,World Football Elo Ratings PDF,2026-06-21
162,Tahiti,1177,103,1386,-1,0,254,58,71,125,136,82,36,693,383,World Football Elo Ratings PDF,2026-06-21
163,Eswatini,1148,153,1168,-4,-68,324,123,131,70,71,158,95,297,542,World Football Elo Ratings PDF,2026-06-21
164,Saint Vincent and the Grenadines,1141,110,1322,3,4,365,138,135,92,131,150,84,566,648,World Football Elo Ratings PDF,2026-06-21
165,Papua New Guinea,1135,165,1091,9,31,165,30,43,92,54,80,31,352,356,World Football Elo Ratings PDF,2026-06-21
165,Puerto Rico,1135,169,937,3,1,196,73,67,56,46,121,29,229,491,World Football Elo Ratings PDF,2026-06-21
167,Singapore,1134,134,1228,9,52,772,322,185,265,242,373,157,1036,1396,World Football Elo Ratings PDF,2026-06-21
168,India,1128,110,1341,-3,-14,612,177,172,263,220,263,129,838,1001,World Football Elo Ratings PDF,2026-06-21
169,Bermuda,1117,128,1283,-7,-51,236,106,82,48,79,112,45,375,417,World Football Elo Ratings PDF,2026-06-21
169,Vanuatu,1117,156,1104,12,72,227,54,51,122,71,124,32,404,485,World Football Elo Ratings PDF,2026-06-21
171,South Sudan,1109,178,1087,-2,-24,81,18,29,34,13,52,16,55,145,World Football Elo Ratings PDF,2026-06-21
172,Fiji,1104,129,1246,-18,-122,288,106,65,117,126,106,56,647,463,World Football Elo Ratings PDF,2026-06-21
173,Hong Kong,1101,123,1288,-9,-47,514,183,152,179,178,234,102,816,873,World Football Elo Ratings PDF,2026-06-21
174,Grenada,1098,101,1370,-1,-8,310,115,116,79,103,129,78,490,561,World Football Elo Ratings PDF,2026-06-21
175,Andorra,1080,182,1050,2,14,231,92,106,33,15,184,32,77,543,World Football Elo Ratings PDF,2026-06-21
176,Belize,1073,139,1114,2,15,129,44,44,41,32,74,23,138,245,World Football Elo Ratings PDF,2026-06-21
176,Chad,1073,135,1244,-13,-78,182,45,59,78,35,105,42,165,340,World Football Elo Ratings PDF,2026-06-21
176,Mauritius,1073,108,1334,-1,-22,359,124,151,84,100,174,85,450,572,World Football Elo Ratings PDF,2026-06-21
179,Solomon Islands,1054,147,1183,-8,-72,223,59,62,102,94,92,37,480,428,World Football Elo Ratings PDF,2026-06-21
180,Saint Martin,1042,187,983,2,-1,86,18,36,32,33,44,9,136,191,World Football Elo Ratings PDF,2026-06-21
181,Sao Tome and Principe,1035,174,1056,2,-3,82,24,36,22,11,60,11,59,213,World Football Elo Ratings PDF,2026-06-21
182,Saint Kitts and Nevis,1029,138,1174,3,4,252,121,80,51,104,101,47,431,396,World Football Elo Ratings PDF,2026-06-21
183,Gibraltar,1011,178,1081,-3,-35,118,41,49,28,18,85,15,70,344,World Football Elo Ratings PDF,2026-06-21
184,Somaliland,1005,188,1004,2,0,2,0,0,2,1,0,1,4,3,World Football Elo Ratings PDF,2026-06-21
185,Saint Lucia,1003,126,1240,-2,-35,264,89,108,67,90,132,42,361,485,World Football Elo Ratings PDF,2026-06-21
186,Western Sahara,996,189,996,1,0,1,0,1,0,0,1,0,0,6,World Football Elo Ratings PDF,2026-06-21
187,Myanmar,984,125,1244,3,33,554,119,139,296,219,231,104,899,958,World Football Elo Ratings PDF,2026-06-21
188,Aruba,979,125,1198,8,61,208,83,81,44,52,112,44,298,471,World Football Elo Ratings PDF,2026-06-21
188,Somalia,979,166,1072,9,68,150,10,48,92,15,112,23,78,375,World Football Elo Ratings PDF,2026-06-21
190,Sint Maarten,975,187,909,3,43,75,16,25,34,23,39,13,107,194,World Football Elo Ratings PDF,2026-06-21
191,Montserrat,972,191,642,-3,0,74,15,26,33,18,48,8,76,235,World Football Elo Ratings PDF,2026-06-21
192,Afghanistan,961,167,920,-13,-96,168,8,67,93,38,92,38,153,340,World Football Elo Ratings PDF,2026-06-21
193,Greenland,945,185,974,-2,0,22,2,7,13,5,16,1,35,50,World Football Elo Ratings PDF,2026-06-21
194,Bangladesh,942,181,980,5,35,327,92,97,138,88,166,73,300,584,World Football Elo Ratings PDF,2026-06-21
195,Djibouti,940,178,872,-1,11,121,28,40,53,11,99,11,83,424,World Football Elo Ratings PDF,2026-06-21
196,Dominica,934,132,1196,-7,-34,246,69,97,80,60,132,54,288,488,World Football Elo Ratings PDF,2026-06-21
197,Pakistan,909,154,1101,12,94,287,63,97,127,66,170,51,279,642,World Football Elo Ratings PDF,2026-06-21
198,Monaco,903,199,900,3,0,9,0,1,8,4,2,3,11,15,World Football Elo Ratings PDF,2026-06-21
199,Barbados,898,121,1243,-7,-40,375,168,132,75,117,162,96,492,616,World Football Elo Ratings PDF,2026-06-21
200,Antigua and Barbuda,895,145,1178,-2,-14,285,116,101,68,95,136,54,394,491,World Football Elo Ratings PDF,2026-06-21
200,Liechtenstein,895,167,1114,0,-10,259,115,125,19,19,208,32,104,726,World Football Elo Ratings PDF,2026-06-21
202,Nepal,893,190,889,-7,-33,295,74,91,130,68,174,53,247,665,World Football Elo Ratings PDF,2026-06-21
203,Cambodia,871,157,1058,4,36,318,82,93,143,73,200,45,367,816,World Football Elo Ratings PDF,2026-06-21
204,Seychelles,853,182,987,-1,2,190,51,58,81,26,131,33,144,425,World Football Elo Ratings PDF,2026-06-21
205,Sri Lanka,836,161,933,5,54,285,70,89,126,58,177,50,278,693,World Football Elo Ratings PDF,2026-06-21
206,San Marino,825,195,917,-2,-20,228,110,110,8,3,213,12,44,895,World Football Elo Ratings PDF,2026-06-21
207,Taiwan,822,144,1169,-5,-59,339,96,109,134,96,191,52,465,788,World Football Elo Ratings PDF,2026-06-21
208,Bonaire,817,150,1036,-2,-19,104,19,52,33,24,68,12,116,257,World Football Elo Ratings PDF,2026-06-21
209,Maldives,801,191,885,-4,-41,241,65,82,94,67,135,39,289,538,World Football Elo Ratings PDF,2026-06-21
210,Cayman Islands,800,183,1000,-2,-20,129,60,39,30,26,78,25,125,313,World Football Elo Ratings PDF,2026-06-21
211,Chagos Islands,782,211,783,-1,0,4,0,0,4,1,2,1,8,10,World Football Elo Ratings PDF,2026-06-21
212,Tuvalu,756,204,745,1,0,34,0,4,30,9,21,4,47,182,World Football Elo Ratings PDF,2026-06-21
213,British Virgin Islands,743,207,788,15,116,139,35,63,41,24,91,24,129,402,World Football Elo Ratings PDF,2026-06-21
214,Sint Eustatius,737,213,753,0,0,11,3,8,0,5,2,4,33,30,World Football Elo Ratings PDF,2026-06-21
215,East Timor,734,226,630,8,45,92,5,47,40,13,72,7,86,285,World Football Elo Ratings PDF,2026-06-21
215,Laos,734,186,895,3,18,235,49,69,117,43,157,35,235,739,World Football Elo Ratings PDF,2026-06-21
217,Samoa,728,211,659,-1,0,77,28,15,34,23,50,4,109,279,World Football Elo Ratings PDF,2026-06-21
218,Mongolia,726,190,842,-3,-4,102,22,39,41,21,70,11,100,288,World Football Elo Ratings PDF,2026-06-21
219,Saint Barthelemy,725,217,706,-2,0,10,7,3,0,4,5,1,25,29,World Football Elo Ratings PDF,2026-06-21
220,Guam,706,207,694,-1,-8,132,25,44,63,31,88,13,169,592,World Football Elo Ratings PDF,2026-06-21
221,Wallis and Futuna,699,201,699,-1,0,24,0,5,19,5,19,0,23,109,World Football Elo Ratings PDF,2026-06-21
222,Vatican,692,218,697,-1,0,5,0,0,5,0,3,2,1,6,World Football Elo Ratings PDF,2026-06-21
223,Saba,691,223,675,-1,0,8,5,3,0,2,4,2,25,26,World Football Elo Ratings PDF,2026-06-21
224,Bahamas,685,190,872,-14,-97,90,30,32,28,17,62,11,90,291,World Football Elo Ratings PDF,2026-06-21
225,Saint Pierre and Miquelon,677,223,678,-1,0,7,0,0,7,0,7,0,2,78,World Football Elo Ratings PDF,2026-06-21
226,Turks and Caicos Islands,657,211,765,0,9,56,16,22,18,13,37,6,54,197,World Football Elo Ratings PDF,2026-06-21
227,Anguilla,646,224,557,4,30,117,31,50,36,16,87,14,74,413,World Football Elo Ratings PDF,2026-06-21
228,Tibet,629,208,665,-1,0,10,0,3,7,0,9,1,8,38,World Football Elo Ratings PDF,2026-06-21
229,US Virgin Islands,628,219,685,4,41,81,27,35,19,10,58,13,55,300,World Football Elo Ratings PDF,2026-06-21
230,Bhutan,623,219,600,-1,1,117,20,40,57,12,97,8,68,423,World Football Elo Ratings PDF,2026-06-21
231,Cook Islands,622,206,681,-2,0,56,4,14,38,13,39,4,50,276,World Football Elo Ratings PDF,2026-06-21
232,Macao,589,175,945,0,-7,161,51,50,60,24,120,17,141,490,World Football Elo Ratings PDF,2026-06-21
233,Christmas Island,578,228,577,1,0,10,6,4,0,7,2,1,29,8,World Football Elo Ratings PDF,2026-06-21
234,Brunei,572,201,778,-9,-98,153,30,42,81,27,113,13,120,491,World Football Elo Ratings PDF,2026-06-21
235,Falkland Islands,571,229,585,0,0,4,0,1,3,0,4,0,0,25,World Football Elo Ratings PDF,2026-06-21
236,FS Micronesia,564,231,572,0,0,8,1,3,4,1,7,0,8,64,World Football Elo Ratings PDF,2026-06-21
237,Marshall Islands,559,237,559,0,0,2,0,0,2,0,2,0,2,7,World Football Elo Ratings PDF,2026-06-21
238,Kiribati,544,219,578,-1,0,11,0,2,9,0,10,1,7,126,World Football Elo Ratings PDF,2026-06-21
239,Tonga,520,213,651,-1,0,70,10,15,45,16,48,6,82,265,World Football Elo Ratings PDF,2026-06-21
240,Niue,496,225,496,-1,0,2,0,0,2,0,2,0,0,33,World Football Elo Ratings PDF,2026-06-21
241,Northern Mariana Islands,432,233,512,-1,0,36,7,11,18,5,28,3,43,153,World Football Elo Ratings PDF,2026-06-21
242,Cocos Islands,422,235,423,-1,0,10,4,6,0,2,7,1,8,29,World Football Elo Ratings PDF,2026-06-21
243,Palau,402,237,402,-1,0,2,2,0,0,0,2,0,3,27,World Football Elo Ratings PDF,2026-06-21
244,Eastern Samoa,369,226,467,-1,-19,59,0,15,44,5,52,2,36,385,World Football Elo Ratings PDF,2026-06-21
